{
    "1": 0.15999999999999995,
    "2": 0.16582914572864318,
    "4": 0.17281406262198554,
    "8": 0.18299660368607523,
    "16": 0.19735758774163945,
    "32": 0.2146368601651925,
    "64": 0.22730978119870224,
    "128": 0.2299864169937143
}