{
    "1": 0.01475,
    "2": 0.01675,
    "4": 0.01975,
    "8": 0.02375,
    "16": 0.04375,
    "32": 0.07675,
    "64": 0.1175,
    "128": 0.1475
}