{
    "1": 0.4386999999999999,
    "2": 0.44794221105527643,
    "4": 0.45687540030563534,
    "8": 0.468179452946574,
    "16": 0.4828286673465348,
    "32": 0.4989828646100966,
    "64": 0.5101481292914355,
    "128": 0.5124880524864117
}