{
    "1": 0.3949125000000003,
    "2": 0.5235402010050252,
    "4": 0.6335023885772507,
    "8": 0.7217994724496463,
    "16": 0.792402594558039,
    "32": 0.8509323330466834,
    "64": 0.897167282179678,
    "128": 0.929805074161091
}