{
    "1": 0.4313749999999997,
    "2": 0.5440667085427131,
    "4": 0.6391086527468909,
    "8": 0.7182904995429125,
    "16": 0.7865800940434401,
    "32": 0.8434459164127347,
    "64": 0.8897710736194182,
    "128": 0.9263195850911521
}