Model,MIA,Leak@1,Leak@2,Leak@4,Leak@8,Leak@16,Leak@32,Leak@64,Leak@128
Minmax,3.7191686630249023,0.5057375000000001,0.635996859296482,0.7349040858035761,0.8029046650051979,0.8495230003930214,0.884992724696309,0.9142053510653938,0.9386830641900434
