{
    "1": 0.4060375,
    "2": 0.5378163316582915,
    "4": 0.6512893455123643,
    "8": 0.742347933145867,
    "16": 0.8148172472962534,
    "32": 0.872902937548969,
    "64": 0.9165767641700096,
    "128": 0.9451676295632382
}