{
    "1": 0.36286250000000003,
    "2": 0.37173580402010054,
    "4": 0.3811089331830667,
    "8": 0.39457475120839336,
    "16": 0.41356703065740413,
    "32": 0.4350601133825828,
    "64": 0.4495913298023007,
    "128": 0.45248579534893724
}