{
    "1": 0.35328749999999975,
    "2": 0.4644937185929649,
    "4": 0.5650672681589767,
    "8": 0.6516087745579648,
    "16": 0.726714046098674,
    "32": 0.7944835371991978,
    "64": 0.8534364592061179,
    "128": 0.8984195493775851
}