{
    "1": 0.4429624999999995,
    "2": 0.5790287688442207,
    "4": 0.6942940683265583,
    "8": 0.7834913382089006,
    "16": 0.8517726734613638,
    "32": 0.9048914837106627,
    "64": 0.9420206626294854,
    "128": 0.9645085991312868
}