{
    "1": 0.24962500000000015,
    "2": 0.35248957286432164,
    "4": 0.4501281672939378,
    "8": 0.53825312966636,
    "16": 0.6175876829020811,
    "32": 0.6852972488002311,
    "64": 0.7416993074105391,
    "128": 0.7898250060630739
}