{
    "1": 0.29748749999999996,
    "2": 0.38604560301507546,
    "4": 0.4675418344993698,
    "8": 0.5403609777076426,
    "16": 0.6052285031323908,
    "32": 0.6622251298951096,
    "64": 0.7103388987016186,
    "128": 0.7508263321557455
}