{
    "1": 0.06955,
    "2": 0.0706927135678392,
    "4": 0.07186511294358269,
    "8": 0.07353611693613622,
    "16": 0.0761644622250894,
    "32": 0.07948535671192823,
    "64": 0.08196610825175121,
    "128": 0.08249728465644218
}