{
    "1": 0.2956375000000002,
    "2": 0.3036726130653268,
    "4": 0.3122160958615568,
    "8": 0.32348931423095784,
    "16": 0.3387373337922782,
    "32": 0.3567176262914217,
    "64": 0.3697624483323698,
    "128": 0.37248635728458895
}