{
    "1": 0.24790000000000006,
    "2": 0.25521055276381915,
    "4": 0.26230810528569637,
    "8": 0.2714500271998736,
    "16": 0.2841255927824202,
    "32": 0.2991716530146161,
    "64": 0.31015018951227846,
    "128": 0.3124880524878621
}