{
    "1": 0.45549999999999985,
    "2": 0.597710552763819,
    "4": 0.7175648748665653,
    "8": 0.8102908018804872,
    "16": 0.8803168114753871,
    "32": 0.9291316392245418,
    "64": 0.9598959387716601,
    "128": 0.9780659946969269
}