{
    "1": 0.02475,
    "2": 0.04470979899497488,
    "4": 0.074608539930849475,
    "8": 0.11215923761864881,
    "16": 0.15618828748512541,
    "32": 0.19086920182623797,
    "64": 0.2378624791435683,
    "128": 0.2751557788896378
}