{
    "1": 0.01475,
    "2": 0.01475,
    "4": 0.01475,
    "8": 0.01475,
    "16": 0.01475,
    "32": 0.01475,
    "64": 0.01475,
    "128": 0.01475
}