{
    "1": 0.4854375,
    "2": 0.4942060301507539,
    "4": 0.504001325810718,
    "8": 0.5159153593026561,
    "16": 0.5300720384743908,
    "32": 0.5442740253769462,
    "64": 0.5532195744772267,
    "128": 0.554991244900436
}