{
    "1": 0.378825,
    "2": 0.39152889447236183,
    "4": 0.4044868935896219,
    "8": 0.42100690987705996,
    "16": 0.4434103536584306,
    "32": 0.46971389906794286,
    "64": 0.48852638083720606,
    "128": 0.49247990016772514
}